"Timestamp","Action","Details"
"Fri Feb 27 2026 14:23:20 GMT+0530 (India Standard Time)","AI Forecast Executed","ARIMA Model"
"Fri Feb 27 2026 13:59:52 GMT+0530 (India Standard Time)","AI Forecast Executed","ARIMA Model"
"Fri Feb 27 2026 13:50:39 GMT+0530 (India Standard Time)","AI Forecast Executed","ARIMA Model"
"Fri Feb 27 2026 13:50:32 GMT+0530 (India Standard Time)","AI Forecast Executed","LSTM Model"
"Fri Feb 27 2026 13:50:31 GMT+0530 (India Standard Time)","AI Forecast Executed","ARIMA Model"
"Fri Feb 27 2026 13:50:03 GMT+0530 (India Standard Time)","AI Forecast Executed","ARIMA Model"
"Fri Feb 27 2026 13:50:00 GMT+0530 (India Standard Time)","AI Forecast Executed","LSTM Model"
"Fri Feb 27 2026 13:48:04 GMT+0530 (India Standard Time)","AI Forecast Executed","ARIMA Model"
"Fri Feb 27 2026 13:48:03 GMT+0530 (India Standard Time)","AI Forecast Executed","LSTM Model"
"Fri Feb 27 2026 13:45:12 GMT+0530 (India Standard Time)","AI Forecast Executed","LSTM Model"
"Fri Feb 27 2026 13:28:45 GMT+0530 (India Standard Time)","AI Forecast Executed","ARIMA Model"
"Fri Feb 27 2026 13:28:41 GMT+0530 (India Standard Time)","AI Forecast Executed","LSTM Model"
"Fri Feb 27 2026 13:06:18 GMT+0530 (India Standard Time)","Conversion Checked","1 tola"
"Fri Feb 27 2026 13:06:16 GMT+0530 (India Standard Time)","AI Forecast Executed","ARIMA Model"
"Fri Feb 27 2026 13:06:12 GMT+0530 (India Standard Time)","AI Forecast Executed","ARIMA Model"
"Fri Feb 27 2026 13:06:11 GMT+0530 (India Standard Time)","AI Forecast Executed","LSTM Model"
"Fri Feb 27 2026 13:03:33 GMT+0530 (India Standard Time)","Conversion Checked","1 tola"
"Fri Feb 27 2026 13:03:32 GMT+0530 (India Standard Time)","AI Forecast Executed","LSTM Model"
"Fri Feb 27 2026 13:03:30 GMT+0530 (India Standard Time)","AI Forecast Executed","ARIMA Model"
"Fri Feb 27 2026 13:03:28 GMT+0530 (India Standard Time)","AI Forecast Executed","ARIMA Model"
"Fri Feb 27 2026 13:03:23 GMT+0530 (India Standard Time)","AI Forecast Executed","ARIMA Model"
"Fri Feb 27 2026 13:03:18 GMT+0530 (India Standard Time)","AI Forecast Executed","ARIMA Model"
"Fri Feb 27 2026 12:51:14 GMT+0530 (India Standard Time)","AI Forecast Executed","ARIMA Model"
"Fri Feb 27 2026 12:49:58 GMT+0530 (India Standard Time)","Conversion Checked","1 tola"
"Fri Feb 27 2026 12:49:54 GMT+0530 (India Standard Time)","AI Forecast Executed","ARIMA Model"
"Fri Feb 27 2026 12:49:50 GMT+0530 (India Standard Time)","AI Forecast Executed","ARIMA Model"
"Fri Feb 27 2026 12:49:39 GMT+0530 (India Standard Time)","AI Forecast Executed","ARIMA Model"
"Fri Feb 27 2026 12:47:55 GMT+0530 (India Standard Time)","AI Forecast Executed","ARIMA Model"
"Fri Feb 27 2026 12:47:24 GMT+0530 (India Standard Time)","AI Forecast Executed","ARIMA Model"
"Fri Feb 27 2026 12:41:45 GMT+0530 (India Standard Time)","AI Forecast Executed","ARIMA Model"
"Fri Feb 27 2026 12:41:15 GMT+0530 (India Standard Time)","AI Forecast Executed","ARIMA Model"
"Fri Feb 27 2026 12:36:11 GMT+0530 (India Standard Time)","AI Forecast Executed","ARIMA Model"
"Fri Feb 27 2026 12:35:07 GMT+0530 (India Standard Time)","AI Forecast Executed","ARIMA Model"
"Fri Feb 27 2026 12:31:36 GMT+0530 (India Standard Time)","AI Forecast Executed","LSTM Model"
"Fri Feb 27 2026 12:31:34 GMT+0530 (India Standard Time)","AI Forecast Executed","ARIMA Model"
"Fri Feb 27 2026 12:31:33 GMT+0530 (India Standard Time)","AI Forecast Executed","ARIMA Model"
"Fri Feb 27 2026 12:31:31 GMT+0530 (India Standard Time)","AI Forecast Executed","ARIMA Model"
"Fri Feb 27 2026 12:31:28 GMT+0530 (India Standard Time)","AI Forecast Executed","ARIMA Model"
"Thu Feb 26 2026 13:38:19 GMT+0530 (India Standard Time)","AI Forecast Executed","ARIMA Model"
"Thu Feb 26 2026 13:38:17 GMT+0530 (India Standard Time)","AI Forecast Executed","LSTM Model"
"Thu Feb 26 2026 13:38:16 GMT+0530 (India Standard Time)","AI Forecast Executed","ARIMA Model"
"Thu Feb 26 2026 13:38:15 GMT+0530 (India Standard Time)","AI Forecast Executed","LSTM Model"
